J. no.,J. len [ft],t [in],to u/s w. [ft],log dist. [ft],Height [ft],event,depth [%],ID Reduction [%],length [in],width [in],P2 Burst / MOP,o'clock,internal,comment
,,0.344,-21.69,125.12,797.4828,Cluster,16.0,,3.55,2.64,,9:04,NO,
,,0.344,-24.15,127.58,797.199,Cluster,18.0,,2.0,3.44,,5:50,NO,
,,0.344,-39.17,605.58,797.0721,Cluster,10.0,,0.86,2.41,,9:48,NO,
,,0.344,-30.35,636.8,802.0368,Cluster,15.0,,1.85,8.94,,4:38,NO,
,,0.344,-13.32,668.73,803.305,Cluster,21.0,,4.67,10.14,1.74,1:34,NO,
,,0.344,-13.41,668.81,803.3067,metal loss,40.0,,1.02,0.94,1.85,9:38,NO,
,,0.344,-0.86,679.22,804.051,metal loss,25.0,,2.36,1.3,1.81,8:16,NO,
,,0.344,-0.92,679.28,804.058,metal loss,15.0,,1.61,5.95,,8:50,NO,
,,0.344,-1.56,957.34,820.5215,Cluster,28.0,,3.46,3.33,1.74,4:17,NO,
,,0.344,-1.77,957.56,820.5458,metal loss,17.0,,1.14,1.14,,3:44,NO,
,,0.344,-32.37,1071.67,831.4453,metal loss-manufacturing anomaly,18.0,,0.67,0.83,,12:19,,
,,0.344,-38.85,1198.08,842.8628,Cluster,13.0,,4.9,1.11,,4:10,YES,
,,0.344,-5.26,1204.54,843.5122,Cluster,13.0,,8.21,5.13,,3:56,YES,
,,0.344,-27.45,1226.73,845.7444,Cluster,10.0,,2.05,0.73,,7:51,YES,
,,0.344,-32.07,1231.34,846.2109,Cluster,10.0,,4.49,4.88,,3:44,YES,
,,0.344,-38.85,1238.12,846.9762,Cluster,10.0,,0.97,1.78,,7:51,YES,
,,0.344,-0.16,1239.41,847.1265,Cluster,11.0,,0.94,3.88,,3:45,YES,
,,0.344,-3.37,1242.62,847.502,Cluster,11.0,,8.17,5.95,,3:31,YES,
,,0.344,-13.67,1252.92,848.7088,Cluster,10.0,,5.48,5.26,,7:41,YES,
,,0.344,-17.53,1256.78,849.1625,Cluster,10.0,,1.02,2.2,,3:35,YES,
,,0.344,-23.45,1262.7,849.8628,Cluster,11.0,,25.08,6.14,,7:45,YES,
,,0.344,-25.02,1264.27,850.0493,metal loss,10.0,,0.47,0.59,,3:17,YES,
,,0.344,-26.64,1265.9,850.2413,Cluster,11.0,,7.7,3.98,,3:20,YES,
,,0.344,-36.54,1275.79,851.4171,Cluster,10.0,,5.03,3.86,,8:16,YES,
,,0.344,-37.65,1276.9,851.5489,Cluster,11.0,,9.19,5.01,,7:59,YES,
,,0.344,-39.55,1278.81,851.7731,Cluster,10.0,,5.35,9.59,,7:46,YES,
,,0.344,-5.12,1284.35,852.4263,Cluster,11.0,,2.45,7.96,,2:38,YES,
,,0.344,-17.29,1296.52,853.8535,Cluster,10.0,,1.68,5.01,,8:41,YES,
,,0.344,-17.74,1296.97,853.9065,Cluster,10.0,,2.5,3.56,,2:45,YES,
,,0.344,-20.56,1299.79,854.2387,Cluster,10.0,,5.15,4.65,,8:33,YES,
,,0.344,-23.44,1302.67,854.5774,metal loss,12.0,,0.55,0.55,,1:57,YES,
,,0.344,-3.65,1322.91,856.9639,Cluster,10.0,,1.82,2.26,,9:33,YES,
,,0.344,-11.21,1330.47,857.8544,Cluster,10.0,,9.49,7.52,,8:40,YES,
,,0.344,-21.77,1341.04,859.1039,Cluster,10.0,,27.71,19.52,,12:49,YES,
,,0.344,-22.93,1342.19,859.2408,metal loss,10.0,,0.59,0.71,,12:24,YES,
,,0.344,-29.41,1348.67,860.0116,metal loss,10.0,,0.55,0.71,,12:26,YES,
,,0.344,-30.73,1349.99,860.1694,Cluster,11.0,,1.61,3.9,,1:40,YES,
,,0.344,-39.98,1359.24,861.2799,Cluster,13.0,,7.85,12.23,,8:48,YES,
,,0.344,-4.19,1363.47,861.7895,Cluster,10.0,,3.68,17.3,,12:59,YES,
,,0.344,-6.84,1366.12,862.1094,Cluster,12.0,,13.34,14.31,,1:45,YES,
,,0.344,-7.39,1366.68,862.1763,Cluster,12.0,,2.83,3.31,,9:25,YES,
,,0.344,-7.79,1367.08,862.2245,Cluster,11.0,,44.24,12.19,,8:15,YES,
,,0.344,-8.89,1368.18,862.3573,Cluster,11.0,,26.45,12.59,,2:10,YES,
,,0.344,-11.78,1371.07,862.7063,Cluster,10.0,,14.12,13.51,,8:09,YES,
,,0.344,-12.24,1371.53,862.7616,Cluster,13.0,,12.13,11.86,,2:05,YES,
,,0.344,-13.15,1372.43,862.871,Cluster,10.0,,15.32,11.54,,2:18,YES,
,,0.344,-15.15,1374.44,863.113,Cluster,10.0,,7.01,11.81,,8:16,YES,
,,0.344,-16.78,1376.07,863.3097,Cluster,11.0,,1.7,1.82,,9:46,YES,
,,0.344,-20.62,1379.91,863.77,Cluster,10.0,,6.49,11.08,,8:27,YES,
,,0.344,-20.79,1380.08,863.7899,Cluster,11.0,,13.16,12.61,,2:04,YES,
,,0.344,-21.68,1380.97,863.8966,Cluster,10.0,,5.74,2.72,,8:22,YES,
,,0.344,-21.96,1381.24,863.9297,Cluster,10.0,,2.18,3.77,,3:04,YES,
,,0.344,-23.32,1382.61,864.0927,Cluster,11.0,,9.08,11.83,,2:04,YES,
,,0.344,-24.35,1383.64,864.2158,Cluster,10.0,,4.88,11.98,,8:21,YES,
,,0.344,-30.6,1389.89,864.9379,Cluster,13.0,,9.49,12.15,,1:56,YES,
,,0.344,-35.26,1394.54,865.4626,Cluster,10.0,,7.66,14.01,,1:56,YES,
,,0.344,-35.43,1394.71,865.4814,Cluster,11.0,,13.49,11.29,,8:29,YES,
,,0.344,-36.63,1395.92,865.6171,Cluster,11.0,,4.52,9.59,,8:36,YES,
,,0.344,-38.81,1398.09,865.8604,Cluster,11.0,,5.52,20.09,,6:48,YES,
,,0.344,-39.42,1398.71,865.9294,Cluster,10.0,,8.11,17.45,,8:22,YES,
,,0.344,-39.43,1398.71,865.9296,Cluster,12.0,,6.7,10.33,,2:13,YES,
,,0.344,-39.45,1398.73,865.9318,Cluster,13.0,,7.19,5.91,,5:53,YES,
,,0.344,-0.06,1399.35,866.0009,Cluster,11.0,,5.58,13.26,,1:53,YES,
,,0.344,-0.53,1399.82,866.0529,Cluster,10.0,,12.95,14.68,,1:48,YES,
,,0.344,-4.99,1404.28,866.5504,Cluster,10.0,,1.58,6.47,,2:43,YES,
,,0.344,-5.63,1404.92,866.6216,Cluster,11.0,,3.47,2.81,,8:30,YES,
,,0.344,-5.68,1404.97,866.6281,Cluster,10.0,,6.19,10.12,,8:38,YES,
,,0.344,-6.75,1406.04,866.7475,Cluster,10.0,,5.17,8.04,,9:15,YES,
,,0.344,-7.67,1406.96,866.8492,Cluster,10.0,,17.59,13.24,,8:23,YES,
,,0.344,-9.24,1408.53,867.0232,Cluster,10.0,,9.12,11.21,,8:39,YES,
,,0.344,-9.86,1409.15,867.0924,Cluster,10.0,,6.43,5.91,,2:10,YES,
,,0.344,-13.25,1412.54,867.469,Cluster,11.0,,18.37,11.52,,8:51,YES,
,,0.344,-15.8,1415.09,867.7519,Cluster,10.0,,4.85,6.79,,2:10,YES,
,,0.344,-19.92,1419.21,868.2067,metal loss,10.0,,0.67,0.71,,12:22,YES,
,,0.344,-20.2,1419.48,868.2372,Cluster,12.0,,33.85,14.64,,8:29,YES,
,,0.344,-24.08,1423.37,868.6651,Cluster,10.0,,6.65,6.49,,1:53,YES,
,,0.344,-25.11,1424.4,868.7783,Cluster,11.0,,37.4,13.43,,8:42,YES,
,,0.344,-26.15,1425.43,868.8925,Cluster,14.0,,12.29,7.46,,2:17,YES,
,,0.344,-29.65,1428.94,869.2758,Cluster,10.0,,6.01,8.48,,1:54,YES,
,,0.344,-30.2,1429.49,869.3364,Cluster,12.0,,7.54,8.63,,1:49,YES,
,,0.344,-31.62,1430.91,869.4911,Cluster,10.0,,3.85,6.58,,2:09,YES,
,,0.344,-33.05,1432.34,869.6466,Cluster,10.0,,12.38,12.38,,1:44,YES,
,,0.344,-34.03,1433.32,869.7533,metal loss-manufacturing anomaly,12.0,,0.63,0.71,,11:41,,
,,0.344,-36.25,1435.54,869.9959,Cluster,10.0,,5.23,9.59,,1:56,YES,
,,0.344,-39.21,1438.5,870.3163,Cluster,10.0,,6.94,7.96,,1:51,YES,
,,0.344,-39.46,1438.75,870.3431,Cluster,17.0,,6.48,15.12,,8:03,YES,
,,0.344,-0.01,1439.24,870.3961,Cluster,12.0,,5.89,7.73,,9:11,YES,
,,0.344,-0.02,1439.25,870.3977,Cluster,10.0,,4.03,5.74,,2:12,YES,
,,0.344,-9.19,1448.43,871.3845,Cluster,10.0,,1.15,3.46,,7:38,YES,
,,0.344,-15.41,1454.64,872.043,Cluster,11.0,,3.89,10.58,,9:12,YES,
,,0.344,-19.3,1458.54,872.4545,Cluster,10.0,,0.62,1.8,,9:57,YES,
,,0.344,-22.61,1461.84,872.8023,Cluster,11.0,,8.21,8.67,,9:27,YES,
,,0.344,-23.36,1462.59,872.881,Cluster,10.0,,11.21,11.42,,8:49,YES,
,,0.344,-24.14,1463.37,872.9627,Cluster,10.0,,19.98,11.21,,1:04,YES,
,,0.344,-25.66,1464.89,873.1228,Cluster,10.0,,13.72,11.71,,1:04,YES,
,,0.344,-26.78,1466.02,873.2407,Cluster,10.0,,21.9,12.67,,9:03,YES,
,,0.344,-27.2,1466.43,873.2848,Cluster,10.0,,10.44,10.05,,1:09,YES,
,,0.344,-34.64,1473.88,874.0644,Cluster,10.0,,5.68,10.33,,1:26,YES,
,,0.344,-3.61,1477.89,874.4844,Cluster,11.0,,34.78,13.8,,9:03,YES,
,,0.344,-6.85,1481.13,874.8229,metal loss,10.0,,0.59,0.55,,3:23,YES,
,,0.344,-6.97,1481.25,874.8359,Cluster,10.0,,5.84,12.13,,1:04,YES,
,,0.344,-14.31,1488.59,875.6039,metal loss,10.0,,0.51,0.63,,9:19,YES,
,,0.344,-19.76,1494.04,876.1739,Cluster,11.0,,20.58,12.23,,8:52,YES,
,,0.344,-33.6,1507.88,877.6284,Cluster,10.0,,7.0,7.88,,1:14,YES,
,,0.344,-36.69,1510.97,877.9545,Cluster,11.0,,4.04,6.24,,1:46,YES,
,,0.344,-38.02,1512.3,878.0946,Cluster,10.0,,4.52,6.97,,9:43,YES,
,,0.344,-3.38,1517.65,878.6589,Cluster,10.0,,12.73,8.61,,1:33,YES,
,,0.344,-4.14,1518.41,878.7387,Cluster,10.0,,10.87,6.7,,1:02,YES,
,,0.344,-28.16,1542.43,881.2638,Cluster,10.0,,6.01,5.8,,1:47,YES,
,,0.344,-39.61,1553.88,882.4519,Cluster,10.0,,4.56,8.27,,10:11,YES,
,,0.344,-5.75,1560.05,883.08,metal loss,11.0,,0.75,0.55,,9:56,YES,
,,0.344,-9.49,1563.79,883.4539,Cluster,10.0,,10.93,6.66,,10:26,YES,
,,0.344,-17.53,1571.84,884.2396,Cluster,11.0,,4.52,3.33,,10:40,YES,
,,0.344,-21.56,1575.87,884.6258,Cluster,15.0,,7.39,6.91,,10:35,YES,
,,0.344,-27.71,1582.01,885.2172,Cluster,10.0,,3.26,4.34,,10:37,YES,
,,0.344,-29.84,1584.15,885.4233,Cluster,14.0,,3.89,3.14,,10:35,YES,
,,0.344,-30.3,1584.61,885.4672,Cluster,11.0,,13.44,6.97,,10:37,YES,
,,0.344,-33.22,1587.53,885.749,Cluster,10.0,,4.07,6.97,,10:14,YES,
,,0.344,-39.49,1593.8,886.361,Cluster,10.0,,5.5,16.65,,9:06,YES,
,,0.344,-0.7,1595.0,886.478,Cluster,14.0,,5.1,20.55,,8:21,YES,
,,0.344,-0.81,1595.1,886.4883,metal loss,20.0,,1.18,6.34,1.87,6:57,YES,
,,0.344,-15.69,1609.99,887.9465,metal loss,10.0,,0.67,0.59,,12:24,YES,
,,0.344,-34.48,1628.77,889.7887,Cluster,11.0,,0.8,2.12,,10:29,YES,
,,0.344,-40.09,1634.38,890.3414,Cluster,10.0,,5.09,11.1,,9:54,YES,
,,0.344,-0.01,1634.41,890.3443,Cluster,10.0,,6.9,26.12,,12:16,YES,
,,0.344,-0.91,1635.31,890.4325,Cluster,11.0,,4.88,22.14,,12:19,YES,
,,0.344,-39.52,1673.93,894.1085,Cluster,11.0,,6.3,11.71,,9:27,YES,
,,0.344,-40.11,1674.51,894.1603,Cluster,10.0,,5.08,12.73,,9:47,YES,
,,0.344,-22.33,1696.83,896.1156,Cluster,11.0,,0.92,2.85,,12:20,YES,
,,0.344,-39.58,1714.09,897.5261,Cluster,11.0,,5.06,11.94,,9:52,YES,
,,0.344,-36.06,1790.51,902.3065,Cluster,10.0,,2.77,2.26,,11:07,YES,
,,0.344,-4.02,2104.45,909.5225,metal loss,13.0,,0.51,0.59,,11:59,YES,
,,0.344,-11.71,2112.13,909.841,Cluster,10.0,,2.84,2.81,,11:54,YES,
,,0.344,-13.09,2113.52,909.8994,metal loss,14.0,,0.79,0.71,,6:42,YES,
,,0.344,-13.82,2114.25,909.9303,metal loss,10.0,,1.34,0.79,,11:06,YES,
,,0.344,-18.3,2118.73,910.1192,Cluster,13.0,,2.03,3.02,,6:09,YES,
,,0.344,-20.1,2120.53,910.1957,metal loss,10.0,,0.35,0.71,,12:49,YES,
,,0.344,-21.44,2121.87,910.2533,Cluster,11.0,,2.93,4.88,,12:44,YES,
,,0.344,-22.62,2123.05,910.3039,metal loss,12.0,,0.75,0.83,,4:56,YES,
,,0.344,-23.67,2124.09,910.3487,metal loss,10.0,,0.71,0.71,,5:21,YES,
,,0.344,-25.92,2126.34,910.4453,metal loss,11.0,,0.79,1.14,,6:03,YES,
,,0.344,-26.56,2126.98,910.4728,Cluster,22.0,,1.81,2.98,1.84,6:06,YES,
,,0.344,-26.63,2127.06,910.476,Cluster,11.0,,2.38,2.05,,6:58,YES,
,,0.344,-36.07,2136.49,910.9471,metal loss,15.0,,0.75,0.71,,12:00,YES,
,,0.344,-37.34,2137.77,911.0257,Cluster,12.0,,4.24,4.38,,11:17,YES,
,,0.344,-38.96,2139.38,911.1251,metal loss,11.0,,0.43,0.71,,11:57,YES,
,,0.344,-39.88,2140.31,911.1823,metal loss,12.0,,0.67,0.71,,4:47,YES,
,,0.344,-5.88,2146.34,911.5635,Cluster,10.0,,1.81,1.4,,11:59,YES,
,,0.344,-7.73,2148.19,911.6828,metal loss,19.0,,0.79,0.55,,5:36,YES,
,,0.344,-9.98,2150.44,911.8277,metal loss,10.0,,0.71,0.71,,7:16,YES,
,,0.344,-13.06,2153.51,912.0268,metal loss,15.0,,0.91,0.91,,6:39,YES,
,,0.344,-17.03,2157.49,912.2906,metal loss,25.0,,0.71,0.63,1.88,6:58,YES,
,,0.344,-19.12,2159.58,912.4296,metal loss,10.0,,1.26,1.06,,11:44,YES,
,,0.344,-20.62,2161.08,912.529,metal loss,17.0,,0.63,0.55,,6:40,YES,
,,0.344,-34.16,2174.62,913.456,metal loss,12.0,,0.87,0.91,,6:31,YES,
,,0.344,-36.31,2176.77,913.6075,metal loss,14.0,,0.59,0.79,,12:04,YES,
,,0.344,-38.82,2179.28,913.7847,metal loss,10.0,,0.59,0.71,,4:34,YES,
,,0.344,-38.99,2179.45,913.7965,Cluster,11.0,,2.76,4.38,,5:04,YES,
,,0.344,-1.23,2181.73,913.9577,metal loss,12.0,,1.61,0.83,,5:17,YES,
,,0.344,-3.76,2184.26,914.1366,metal loss,10.0,,0.51,0.71,,12:11,YES,
,,0.344,-12.11,2192.61,914.7337,metal loss,12.0,,0.59,0.71,,7:18,YES,
,,0.344,-13.63,2194.13,914.8433,metal loss,11.0,,0.71,0.59,,11:58,YES,
,,0.344,-38.22,2218.72,916.6591,metal loss,12.0,,0.98,0.71,,5:13,YES,
,,0.344,-39.74,2220.24,916.7737,Cluster,16.0,,3.12,2.77,,5:23,YES,
,,0.344,-39.74,2220.24,916.7741,metal loss,11.0,,0.91,0.59,,6:19,YES,
,,0.344,-2.29,2222.85,916.9708,metal loss,15.0,,0.55,0.71,,7:15,YES,
,,0.344,-6.11,2226.67,917.2614,metal loss,10.0,,0.59,0.71,,7:10,YES,
,,0.344,-6.15,2226.72,917.2647,metal loss,10.0,,0.91,0.63,,6:24,YES,
,,0.344,-7.41,2227.98,917.3608,metal loss,12.0,,0.63,0.71,,7:20,YES,
,,0.344,-8.24,2228.8,917.4236,metal loss,10.0,,0.71,0.71,,6:27,YES,
,,0.344,-12.48,2233.04,917.7464,metal loss,13.0,,0.79,0.94,,6:24,YES,
,,0.344,-12.61,2233.17,917.7564,Cluster,11.0,,1.76,1.11,,4:57,YES,
,,0.344,-13.8,2234.36,917.8472,Cluster,11.0,,2.12,0.73,,7:33,YES,
,,0.344,-14.13,2234.69,917.8724,metal loss,12.0,,0.63,0.71,,5:14,YES,
,,0.344,-14.68,2235.25,917.9148,metal loss,10.0,,1.1,0.83,,6:23,YES,
,,0.344,-18.33,2238.9,918.1934,Cluster,15.0,,2.34,1.11,,5:19,YES,
,,0.344,-20.64,2241.2,918.3697,metal loss,15.0,,0.67,0.71,,4:59,YES,
,,0.344,-21.28,2241.84,918.4186,metal loss,12.0,,0.59,0.71,,5:26,YES,
,,0.344,-23.35,2243.92,918.5765,metal loss,17.0,,0.71,0.71,,6:21,YES,
,,0.344,-24.32,2244.89,918.6503,metal loss,11.0,,0.75,0.63,,6:11,YES,
,,0.344,-26.45,2247.01,918.811,metal loss,17.0,,0.87,0.71,,5:31,YES,
,,0.344,-28.19,2248.76,918.943,metal loss,16.0,,0.63,0.59,,6:26,YES,
,,0.344,-28.72,2249.29,918.9831,metal loss,10.0,,0.71,0.71,,6:01,YES,
,,0.344,-28.93,2249.5,918.9989,metal loss,11.0,,0.71,0.71,,6:28,YES,
,,0.344,-33.35,2253.91,919.3328,metal loss,13.0,,0.47,0.71,,5:23,YES,
,,0.344,-35.19,2255.76,919.4699,Cluster,18.0,,1.94,0.69,,5:25,YES,
,,0.344,-36.84,2257.41,919.5927,metal loss,13.0,,0.79,0.67,,6:25,YES,
,,0.344,-37.56,2258.13,919.646,Cluster,11.0,,4.56,3.83,,4:55,YES,
,,0.344,-39.55,2260.11,919.7917,Cluster,15.0,,3.11,3.31,,5:32,YES,
,,0.344,-0.08,2260.47,919.8172,Cluster,13.0,,1.57,4.48,,5:35,YES,
,,0.344,-1.62,2262.01,919.9293,metal loss,10.0,,0.67,0.71,,7:07,YES,
,,0.344,-3.59,2263.98,920.0726,Cluster,13.0,,1.66,0.69,,5:57,YES,
,,0.344,-5.62,2266.01,920.2201,metal loss,10.0,,0.47,0.71,,11:47,YES,
,,0.344,-6.88,2267.26,920.3112,metal loss,10.0,,0.79,0.59,,6:03,YES,
,,0.344,-8.13,2268.51,920.4023,metal loss,12.0,,0.55,0.71,,5:25,YES,
,,0.344,-10.6,2270.99,920.5809,Cluster,10.0,,1.86,1.43,,6:27,YES,
,,0.344,-30.04,2290.43,921.9339,Cluster,10.0,,3.88,0.71,,5:30,YES,
,,0.344,-30.6,2290.98,921.9714,Cluster,12.0,,1.62,3.27,,5:42,YES,
,,0.344,-39.67,2300.05,922.556,Cluster,15.0,,4.56,4.34,,5:52,YES,
,,0.344,-39.74,2300.12,922.5602,Cluster,16.0,,4.03,8.09,,3:49,YES,
,,0.344,-1.84,2302.29,922.6964,metal loss,13.0,,0.67,0.71,,5:47,YES,
,,0.344,-9.55,2310.0,923.1627,metal loss,10.0,,1.02,0.87,,6:09,YES,
,,0.344,-10.08,2310.53,923.1944,metal loss,14.0,,0.98,0.87,,6:03,YES,
,,0.344,-2.37,2368.29,926.2914,Cluster,13.0,,5.62,5.97,,5:40,YES,
,,0.344,-32.93,2982.66,971.2751,metal loss,10.0,,0.51,0.71,,11:01,YES,
,,0.344,-1.76,2991.42,971.457,Cluster,12.0,,0.77,1.72,,9:37,YES,
,,0.344,-1.94,2991.61,971.4608,metal loss,13.0,,0.55,0.55,,9:42,YES,
,,0.344,-3.94,2993.61,971.5022,Cluster,10.0,,1.58,1.36,,9:30,YES,
,,0.344,-4.24,2993.91,971.5085,Cluster,12.0,,1.63,0.67,,2:16,YES,
,,0.344,-4.83,2994.5,971.5207,Cluster,10.0,,4.84,2.81,,9:17,YES,
,,0.344,-12.41,3002.07,971.677,metal loss,10.0,,0.51,0.55,,8:30,YES,
,,0.344,-12.57,3002.24,971.6804,metal loss,11.0,,0.67,0.71,,8:29,YES,
,,0.344,-28.38,3018.05,971.9395,metal loss,10.0,,0.63,0.63,,3:09,YES,
,,0.344,-30.21,3019.88,971.941,Cluster,10.0,,1.76,1.24,,8:31,YES,
,,0.344,-21.59,3051.05,971.9481,Cluster,10.0,,4.02,0.71,,4:35,YES,
,,0.344,-25.37,3054.83,971.9454,Cluster,10.0,,3.74,1.05,,4:18,YES,
,,0.344,-25.79,3055.25,971.945,metal loss,11.0,,0.67,0.71,,4:22,YES,
,,0.344,-27.05,3056.51,971.9441,Cluster,11.0,,3.52,0.69,,4:17,YES,
,,0.344,-27.34,3056.8,971.9439,Cluster,11.0,,4.99,3.83,,7:17,YES,
,,0.344,-28.41,3057.87,971.9432,Cluster,11.0,,3.41,1.2,,4:12,YES,
,,0.344,-28.89,3058.36,971.9428,metal loss,12.0,,0.71,0.55,,4:17,YES,
,,0.344,-29.11,3058.57,971.9426,Cluster,11.0,,6.88,2.77,,3:57,YES,
,,0.344,-29.62,3059.08,971.9421,Cluster,11.0,,9.0,3.37,,7:18,YES,
,,0.344,-29.81,3059.27,971.942,metal loss,10.0,,0.91,0.71,,4:14,YES,
,,0.344,-30.3,3059.76,971.9415,Cluster,11.0,,13.36,5.59,,3:47,YES,
,,0.344,-30.45,3059.92,971.9414,Cluster,11.0,,7.37,3.88,,7:18,YES,
,,0.344,-31.23,3060.69,971.9407,Cluster,15.0,,7.08,1.34,,7:42,YES,
,,0.344,-31.92,3061.38,971.9401,Cluster,15.0,,11.11,2.28,,7:39,YES,
,,0.344,-32.01,3061.47,971.94,Cluster,15.0,,4.7,5.41,,3:59,YES,
,,0.344,-32.51,3061.97,971.9396,Cluster,10.0,,6.55,5.03,,3:37,YES,
,,0.344,-32.95,3062.41,971.9392,Cluster,13.0,,5.17,3.33,,7:34,YES,
,,0.344,-33.63,3063.09,971.9386,Cluster,11.0,,5.63,3.44,,7:39,YES,
,,0.344,-34.09,3063.55,971.9382,Cluster,11.0,,4.67,2.98,,3:46,YES,
,,0.344,-39.61,3069.07,971.929,Cluster,12.0,,4.69,5.59,,8:17,YES,
,,0.344,-39.24,3347.22,961.6587,metal loss,14.0,,1.18,2.24,,3:48,NO,
,,0.344,-39.32,3347.3,961.6548,metal loss,11.0,,0.71,0.94,,7:29,NO,
,,0.344,-17.89,3406.04,958.2962,Cluster,18.0,,2.56,2.85,,5:32,NO,
,,0.344,-39.15,3427.3,957.0421,metal loss,12.0,,0.87,1.93,,7:45,NO,
,,0.344,-0.81,4530.89,907.7889,metal loss,15.0,,1.02,2.32,,4:11,NO,
,,0.344,-38.94,4609.09,909.2472,Cluster,17.0,,3.47,6.35,,6:16,NO,
,,0.344,-26.58,5024.29,907.4257,metal loss-manufacturing anomaly,15.0,,0.67,0.55,,3:43,,
,,0.344,-28.9,5292.54,904.1469,Cluster,14.0,,2.69,2.22,,6:14,NO,
,,0.344,-30.37,5294.02,904.1541,Cluster,12.0,,1.72,0.69,,5:59,NO,
,,0.344,-38.65,5342.18,904.168,Cluster,43.0,,6.68,36.53,1.45,3:18,NO,
,,0.344,-0.79,5344.35,904.1596,Cluster,16.0,,2.0,12.63,,9:41,NO,
,,0.344,-0.99,5344.55,904.1589,Cluster,16.0,,1.02,3.67,,2:33,NO,
,,0.344,-17.57,5361.13,904.1821,Cluster,21.0,,4.13,6.03,1.76,6:20,NO,
,,0.344,-18.29,5361.85,904.1877,metal loss,15.0,,0.94,0.55,,6:06,NO,
,,0.344,-18.4,5361.96,904.1885,metal loss,29.0,,1.73,1.14,1.83,6:40,NO,
,,0.344,-18.47,5362.03,904.1891,Cluster,54.0,,4.21,2.14,1.46,7:18,NO,
,,0.344,-18.58,5362.14,904.19,Cluster,28.0,,4.5,2.77,1.69,4:39,NO,
,,0.344,-18.94,5362.5,904.1928,Cluster,40.0,,4.68,5.72,1.57,7:01,NO,
,,0.344,-19.06,5362.62,904.1937,Cluster,13.0,,2.05,2.33,,4:50,NO,
,,0.344,-19.46,5363.02,904.1969,metal loss,32.0,,3.31,1.65,1.72,4:26,NO,
,,0.344,-19.59,5363.15,904.1979,Cluster,19.0,,3.37,8.23,,6:46,NO,
,,0.344,-20.03,5363.59,904.2013,Cluster,37.0,,1.91,2.2,1.79,4:21,NO,
,,0.344,-21.03,5364.59,904.2091,Cluster,35.0,,2.35,2.12,1.77,4:25,NO,
,,0.344,-21.51,5365.07,904.213,Cluster,22.0,,4.85,2.56,1.73,4:23,NO,
,,0.344,-22.16,5365.72,904.2181,Cluster,59.0,,14.66,17.01,1.08,5:34,NO,
,,0.344,-22.31,5365.86,904.2192,Cluster,11.0,,3.59,5.2,,4:43,NO,
,,0.344,-35.87,5379.43,904.345,Cluster,40.0,,3.78,19.14,1.63,4:36,NO,
,,0.344,-0.74,5447.33,906.411,Cluster,12.0,,2.09,16.57,,6:42,NO,
,,0.344,-12.36,5458.94,906.7782,metal loss-manufacturing anomaly,11.0,,3.82,1.06,,12:40,,
,,0.344,-39.06,5830.69,921.9398,Cluster,19.0,,1.66,6.26,,6:47,NO,
,,0.344,-23.68,6924.26,842.9271,metal loss-manufacturing anomaly,14.0,,0.59,0.55,,12:28,,
,,0.344,-24.96,6925.53,842.8694,metal loss-manufacturing anomaly,20.0,,0.55,0.59,,9:45,,
,,0.344,-39.06,6979.62,840.5392,metal loss,17.0,,1.65,2.01,,5:21,NO,
,,0.344,-39.08,6979.64,840.5385,metal loss,25.0,,1.26,3.9,1.86,6:42,NO,
,,0.344,-39.05,7052.36,838.1095,Cluster,18.0,,1.99,5.38,,3:50,NO,
,,0.344,-24.7,7637.41,815.6535,metal loss,19.0,,1.38,1.18,,9:07,NO,
,,0.344,-25.04,7637.75,815.6391,metal loss,14.0,,1.46,1.53,,9:05,NO,
,,0.344,-26.09,7638.8,815.5944,Cluster,11.0,,3.06,3.46,,9:38,NO,
,,0.344,-38.53,7651.24,815.0541,Cluster,11.0,,3.41,1.38,,6:27,NO,
,,0.344,-39.13,8421.4,815.445,metal loss,11.0,,0.87,1.1,,6:52,NO,
,,0.344,-38.95,8725.0,807.2579,Cluster,10.0,,3.94,4.61,,4:50,NO,
,,0.344,-3.72,8889.36,807.6581,metal loss-manufacturing anomaly,13.0,,0.47,0.71,,10:52,,
,,0.344,-4.23,8889.87,807.6607,metal loss-manufacturing anomaly,14.0,,1.61,0.71,,7:07,,
,,0.344,-1.44,9473.05,780.4636,metal loss,10.0,,0.71,0.59,,5:15,YES,
,,0.344,-38.82,10202.72,826.6514,Cluster,13.0,,2.65,3.81,,7:11,NO,
,,0.344,-8.37,10392.93,824.2547,metal loss-manufacturing anomaly,17.0,,3.66,0.71,,8:22,,
,,0.344,-19.7,10404.26,824.1441,metal loss-manufacturing anomaly,17.0,,3.58,0.63,,2:23,,
,,0.344,-0.76,10505.17,822.7847,Cluster,10.0,,4.09,13.28,,5:10,NO,
,,0.344,-29.95,10574.38,820.8848,Cluster,21.0,,6.8,5.8,1.69,4:21,NO,
,,0.344,-30.7,10575.13,820.8552,Cluster,17.0,,6.35,2.87,,4:19,NO,
,,0.344,-33.09,10577.51,820.7606,Cluster,12.0,,2.87,1.43,,6:20,NO,
,,0.344,-39.0,10583.42,820.523,Cluster,19.0,,2.99,2.91,,6:27,NO,
,,0.344,-39.15,10583.57,820.5169,metal loss,26.0,,1.06,2.28,1.86,3:53,NO,
,,0.344,-0.54,10743.51,820.7096,Cluster,23.0,,2.6,2.39,1.8,5:18,NO,
,,0.344,-4.3,11046.93,829.1849,metal loss-manufacturing anomaly,12.0,,0.63,0.75,,3:25,,
,,0.344,-19.85,12180.29,862.3529,metal loss-manufacturing anomaly,13.0,,3.78,1.46,,10:32,,
,,0.344,-20.9,12381.12,870.4641,metal loss-manufacturing anomaly,20.0,,3.66,2.68,,5:02,,
,,0.344,-0.6,13138.89,876.6469,metal loss,33.0,,5.51,0.63,1.61,4:05,NO,
,,0.344,-0.61,13138.9,876.646,Cluster,34.0,,8.47,25.13,1.52,4:35,NO,
,,0.344,-0.82,13139.11,876.6339,metal loss,11.0,,0.98,1.77,,3:15,NO,
,,0.344,-0.76,13393.85,851.3967,Cluster,14.0,,2.52,8.15,,11:48,NO,
,,0.344,-22.51,13836.19,869.0829,metal loss-manufacturing anomaly,14.0,,0.83,0.87,,10:39,,
,,0.344,-25.71,14928.01,821.8759,metal loss,26.0,,0.91,0.94,1.87,1:11,NO,
,,0.344,-25.9,14928.2,821.8769,Cluster,10.0,,1.57,3.31,,1:07,NO,
,,0.344,-1.48,14943.65,822.1251,Cluster,14.0,,3.23,2.16,,6:08,NO,
,,0.344,-2.22,14944.39,822.146,Cluster,13.0,,4.16,3.35,,5:00,NO,
,,0.344,-2.27,14944.44,822.1474,Cluster,14.0,,7.08,6.14,,6:48,NO,
,,0.5,-0.03,14945.2,822.1702,Cluster,10.0,,8.15,6.03,,4:46,NO,
,,0.5,-3.79,14948.96,822.2879,Cluster,14.0,,5.27,8.84,,4:44,NO,
,,0.344,-1.08,14950.79,822.3451,Cluster,15.0,,3.43,3.5,,5:04,NO,
,,0.344,-1.42,14951.13,822.3559,Cluster,25.0,,6.48,10.52,1.66,3:51,NO,
,,0.344,-0.07,14952.76,822.4068,metal loss,31.0,,0.98,4.09,1.86,5:46,NO,
,,0.344,-28.46,15034.27,821.1598,metal loss,11.0,,0.71,0.67,,8:57,NO,
,,0.344,-30.19,15036.01,821.0611,Cluster,13.0,,3.04,3.31,,8:37,NO,
,,0.344,-8.4,15054.15,820.2092,Cluster,15.0,,5.14,5.32,,5:18,NO,
,,0.344,-20.74,15066.49,819.6019,metal loss,12.0,,1.1,1.02,,3:09,NO,
,,0.344,-27.23,15072.99,819.2671,metal loss,14.0,,0.75,0.59,,8:29,NO,
,,0.344,-28.43,15074.18,819.2055,metal loss,18.0,,0.71,0.71,,9:28,NO,
,,0.344,-29.49,15075.24,819.1509,Cluster,29.0,,4.66,2.95,1.68,9:16,NO,
,,0.344,-30.08,15075.83,819.1202,metal loss,22.0,,0.71,0.71,1.88,9:38,NO,
,,0.344,-32.52,15078.28,818.9927,metal loss,11.0,,0.71,0.79,,9:17,NO,
,,0.344,-32.83,15078.58,818.9767,Cluster,25.0,,3.47,1.28,1.76,9:18,NO,
,,0.344,-38.97,15084.72,818.6563,Cluster,18.0,,1.81,6.3,,3:44,NO,
,,0.344,-0.73,15086.39,818.5693,Cluster,19.0,,4.32,10.74,,3:12,NO,
,,0.344,-0.78,15275.68,809.7644,metal loss,10.0,,2.09,0.71,,4:48,NO,
,,0.344,-12.78,15345.69,802.6387,metal loss,24.0,,2.05,6.02,1.83,4:20,NO,
,,0.344,-2.52,15357.47,801.7592,metal loss,16.0,,1.1,1.18,,5:03,NO,
,,0.344,-15.48,15433.66,805.158,metal loss-manufacturing anomaly,20.0,,0.51,0.71,,9:43,,
,,0.344,-0.71,15564.27,812.2334,Cluster,24.0,,2.72,2.28,1.79,4:49,NO,
,,0.344,-39.71,15957.99,829.9187,metal loss,10.0,,0.75,0.83,,3:57,NO,
,,0.344,-2.36,16000.75,833.4444,metal loss-manufacturing anomaly,16.0,,0.71,0.59,,7:30,,
,,0.344,-18.8,16017.19,835.2104,metal loss-manufacturing anomaly,10.0,,0.79,0.71,,7:29,,
,,0.344,-39.03,16436.07,848.2261,metal loss,10.0,,0.94,0.67,,4:55,NO,
,,0.344,-32.57,16509.36,846.9837,Cluster,35.0,,4.56,11.58,1.63,4:54,NO,
,,0.344,-33.08,16509.87,846.9737,metal loss,10.0,,1.81,2.09,,6:37,NO,
,,0.344,-38.9,16515.7,846.8592,Cluster,20.0,,3.48,16.19,1.79,6:39,NO,
,,0.344,-39.01,16595.76,846.2931,metal loss,14.0,,2.84,0.71,,8:17,NO,
,,0.344,-0.83,16597.57,846.29,metal loss,12.0,,1.61,0.79,,6:29,NO,
,,0.344,-0.83,16597.57,846.29,metal loss,10.0,,1.69,8.19,,4:50,NO,
,,0.344,-0.69,16677.37,845.8829,Cluster,18.0,,4.88,24.86,,2:26,NO,
,,0.344,-0.03,16756.69,845.4098,Cluster,12.0,,4.25,3.86,,3:15,NO,
,,0.344,-38.78,18175.87,873.1097,Cluster,20.0,,4.97,6.79,1.74,4:24,NO,
,,0.344,-38.81,18175.91,873.1085,metal loss,18.0,,0.87,0.59,,6:45,NO,
,,0.344,-38.83,18175.92,873.1082,metal loss,23.0,,0.87,0.87,1.87,5:58,NO,
,,0.344,-0.83,18186.01,872.7616,metal loss,14.0,,1.1,3.42,,6:02,NO,
,,0.344,-34.87,18814.52,926.6041,Cluster,67.0,,1.88,3.5,1.64,7:23,NO,
,,0.344,-39.12,19295.4,918.9961,metal loss,12.0,,1.02,2.99,,5:17,NO,
,,0.344,-14.48,19910.87,876.2111,metal loss,10.0,,0.59,0.71,,6:40,NO,
,,0.344,-0.34,20016.6,870.459,metal loss,10.0,,0.71,0.67,,4:06,NO,
,,0.344,-38.97,20335.14,843.5754,Cluster,21.0,,3.59,5.01,1.78,6:36,NO,
,,0.344,-39.16,20335.33,843.5562,metal loss,11.0,,1.18,1.89,,7:17,NO,
,,0.344,-37.5,20413.71,835.537,metal loss,11.0,,1.81,2.87,,5:47,NO,
,,0.344,-39.22,21019.81,783.2616,Cluster,25.0,,1.85,8.88,1.83,5:07,NO,
,,0.344,-0.68,21282.56,778.8138,Cluster,28.0,,4.84,8.11,1.68,3:53,NO,
,,0.344,-0.7,21282.57,778.8137,metal loss,11.0,,1.65,2.28,,8:23,NO,
,,0.344,-0.71,21282.59,778.8136,metal loss,14.0,,1.3,2.05,,9:10,NO,
,,0.344,-0.71,21282.59,778.8136,metal loss,17.0,,1.65,4.21,,7:18,NO,
,,0.344,-22.6,21304.48,778.7127,metal loss-manufacturing anomaly,14.0,,0.59,0.59,,3:09,,
,,0.344,-25.76,21307.63,778.7003,Cluster,39.0,,7.13,2.98,1.49,6:21,NO,
,,0.344,-19.97,21341.79,778.6263,metal loss,11.0,,3.54,6.1,,5:43,NO,
,,0.344,-31.22,21353.03,778.6063,Cluster,23.0,,4.99,17.47,1.72,4:43,NO,
,,0.344,-33.64,21355.45,778.6014,Cluster,19.0,,3.02,6.45,,4:01,NO,
,,0.344,-39.09,21360.9,778.5886,metal loss,26.0,,1.5,7.17,1.85,7:22,NO,
,,0.344,-0.62,21362.42,778.5846,Cluster,28.0,,3.66,14.43,1.73,7:11,NO,
,,0.344,-0.69,21362.49,778.5844,Cluster,32.0,,4.5,9.68,1.66,5:02,NO,
,,0.344,-0.73,21362.53,778.5843,metal loss,40.0,,3.27,0.63,1.67,4:23,NO,
,,0.344,-0.75,21362.56,778.5843,metal loss,20.0,,0.83,1.89,1.88,3:26,NO,
,,0.344,-0.77,21362.58,778.5842,metal loss,13.0,,1.3,1.42,,10:47,NO,
,,0.344,-36.95,21438.79,778.6576,Cluster,64.0,,7.79,19.23,1.12,5:28,NO,
,,0.344,-38.65,21680.42,780.2876,metal loss,15.0,,0.75,1.3,,5:27,NO,
,,0.344,-39.61,21681.38,780.2943,metal loss,10.0,,2.24,1.3,,6:40,NO,
,,0.344,-11.02,21815.32,773.1062,metal loss,10.0,,0.91,0.87,,6:57,NO,
,,0.344,-0.77,21845.23,771.2559,Cluster,10.0,,1.36,4.92,,7:22,NO,
,,0.344,-0.82,21845.28,771.2542,metal loss,11.0,,1.53,6.34,,3:55,NO,
,,0.344,-39.04,22083.48,774.7476,Cluster,48.0,,2.83,11.63,1.65,4:39,NO,
,,0.344,-39.06,22083.5,774.7477,Cluster,16.0,,2.48,11.02,,6:58,NO,
,,0.344,-39.05,22483.34,774.7232,metal loss,10.0,,2.6,0.71,,6:55,NO,
,,0.344,-0.92,22485.22,774.7015,metal loss-manufacturing anomaly,11.0,,3.39,0.71,,12:26,,
,,0.344,-30.62,22651.75,773.3812,metal loss-manufacturing anomaly,13.0,,0.83,0.55,,2:52,,
,,0.344,-0.87,22781.94,772.2973,Cluster,18.0,,3.26,5.59,,5:45,NO,
,,0.344,-0.76,22941.65,771.6572,Cluster,15.0,,3.23,7.6,,5:59,NO,
,,0.344,-0.82,23022.0,768.1988,metal loss,14.0,,1.06,0.94,,5:20,NO,
,,0.344,-8.2,23029.38,767.9388,metal loss-manufacturing anomaly,12.0,,0.47,0.71,,7:20,,
,,0.344,-11.15,23032.33,767.8694,metal loss-manufacturing anomaly,10.0,,0.63,0.71,,3:33,,
,,0.344,-20.19,23161.46,771.7922,metal loss-manufacturing anomaly,10.0,,3.35,1.22,,1:50,,
,,0.344,-20.8,23162.08,771.7985,metal loss-manufacturing anomaly,25.0,,5.2,0.71,,1:40,,
,,0.344,-0.71,23608.37,775.1361,Cluster,15.0,,2.78,17.2,,2:39,YES,
,,0.344,-28.08,23635.74,774.9633,Cluster,23.0,,5.95,8.4,1.69,12:17,NO,
,,0.344,-37.27,23644.93,774.898,metal loss-manufacturing anomaly,10.0,,0.51,0.71,,8:36,,
,,0.344,-26.68,23674.28,774.7318,Cluster,29.0,,2.45,28.97,1.79,3:05,NO,
,,0.344,-26.69,23674.29,774.7317,metal loss,14.0,,2.09,1.3,,8:03,NO,
,,0.344,-26.74,23674.34,774.7315,Cluster,16.0,,1.39,6.24,,8:54,NO,
,,0.344,-0.74,23675.98,774.7247,metal loss,26.0,,0.98,1.14,1.87,5:09,NO,
,,0.344,-38.92,23754.1,774.7485,Cluster,38.0,,3.04,10.01,1.7,5:28,NO,
,,0.344,-3.76,24662.22,789.5692,metal loss-manufacturing anomaly,13.0,,3.78,2.01,,8:55,,
,,0.344,-39.04,25249.8,799.1802,Cluster,14.0,,1.14,5.8,,5:52,NO,
,,0.344,-37.76,25875.11,764.8979,metal loss-manufacturing anomaly,12.0,,0.55,0.71,,2:14,,
,,0.344,-3.85,26080.87,791.0148,metal loss-manufacturing anomaly,10.0,,0.67,0.59,,12:05,,
,,0.344,-39.13,26416.04,805.8494,metal loss-manufacturing anomaly,21.0,,3.62,0.59,,3:32,,
,,0.344,-38.59,26867.58,805.9027,metal loss,15.0,,1.38,1.5,,7:27,NO,
,,0.344,-38.92,26867.91,805.8889,metal loss,14.0,,1.58,2.01,,7:48,NO,
,,0.344,-38.93,26867.93,805.8881,Cluster,31.0,,1.33,11.88,1.85,4:23,NO,
,,0.344,-39.18,26868.17,805.878,Cluster,22.0,,2.58,2.83,1.81,6:05,NO,
,,0.344,-39.0,26930.57,799.6205,Cluster,12.0,,3.12,4.82,,2:11,NO,
,,0.344,-0.74,26946.29,797.2376,metal loss,25.0,,2.68,0.71,1.79,12:24,NO,
,,0.344,-0.86,27316.61,806.7631,metal loss-manufacturing anomaly,16.0,,0.91,0.83,,5:54,,
,,0.344,-23.68,27579.43,805.2976,metal loss-manufacturing anomaly,12.0,,5.24,1.38,,1:21,,
,,0.344,-25.46,27581.21,805.3021,metal loss-manufacturing anomaly,24.0,,3.9,0.87,,1:09,,
,,0.344,-26.35,27582.11,805.3051,metal loss-manufacturing anomaly,21.0,,3.42,0.75,,1:04,,
,,0.344,-26.81,27582.56,805.3066,metal loss-manufacturing anomaly,11.0,,3.46,2.17,,1:01,,
,,0.344,-27.12,27582.88,805.3076,metal loss-manufacturing anomaly,21.0,,3.39,0.75,,1:15,,
,,0.344,-16.37,27892.3,805.9289,metal loss-manufacturing anomaly,10.0,,3.23,1.06,,8:17,,
,,0.344,-28.97,27944.8,803.8386,metal loss-manufacturing anomaly,20.0,,1.06,1.18,,10:04,,
,,0.344,-18.8,28027.51,795.4539,metal loss-manufacturing anomaly,10.0,,0.43,0.71,,7:02,,
,,0.344,-17.92,28207.03,796.3722,metal loss-manufacturing anomaly,17.0,,4.33,1.42,,10:31,,
,,0.344,-8.91,28783.01,779.511,metal loss-manufacturing anomaly,13.0,,6.3,1.89,,4:47,,
,,0.344,-0.61,28814.67,779.3579,Cluster,30.0,,4.73,21.05,1.66,4:06,NO,
,,0.344,-38.85,29052.98,775.465,Cluster,42.0,,5.77,42.81,1.5,3:20,NO,
,,0.344,-0.62,29128.12,775.1613,Cluster,38.0,,3.5,20.36,1.66,3:54,NO,
,,0.344,-19.04,29146.54,774.8961,Cluster,35.0,,8.46,10.87,1.5,5:29,NO,
,,0.344,-38.99,29206.49,773.7111,metal loss,38.0,,2.09,9.8,1.77,7:27,NO,
,,0.344,-39.04,29206.54,773.7098,metal loss,17.0,,1.18,5.95,,3:42,NO,
,,0.344,-39.1,29206.61,773.708,Cluster,32.0,,4.13,10.41,1.67,5:14,YES,
,,0.344,-0.58,29207.99,773.67,Cluster,21.0,,6.46,3.65,1.7,4:48,NO,
,,0.344,-0.67,29208.08,773.6676,Cluster,11.0,,4.93,6.08,,6:29,NO,
,,0.344,-0.72,29208.13,773.6661,metal loss,36.0,,4.41,1.18,1.63,5:52,NO,
,,0.344,-3.26,29410.95,768.9311,metal loss,13.0,,1.38,1.06,,5:40,NO,
,,0.344,-7.14,29414.83,768.8315,Cluster,11.0,,4.56,6.12,,5:57,NO,
,,0.344,-9.95,29417.63,768.759,Cluster,22.0,,6.3,3.35,1.69,5:18,NO,
,,0.344,-11.84,29419.53,768.7094,Cluster,22.0,,4.18,2.91,1.75,5:17,NO,
,,0.344,-39.22,29446.91,767.9813,metal loss,15.0,,0.91,1.22,,4:57,NO,
,,0.344,-39.24,29446.92,767.9809,metal loss,42.0,,1.02,3.86,1.85,8:22,NO,
,,0.344,-5.08,29452.86,767.7999,metal loss-manufacturing anomaly,15.0,,0.55,0.71,,6:28,,
,,0.344,-30.33,30262.24,765.6902,metal loss,10.0,,1.26,1.65,,6:20,NO,
,,0.344,-32.09,30264.0,765.6245,metal loss,10.0,,1.06,1.14,,4:47,NO,
,,0.344,-0.56,30471.96,761.7262,Cluster,17.0,,4.76,11.46,,6:06,NO,
,,0.344,-19.71,30570.99,761.7328,metal loss-manufacturing anomaly,19.0,,3.31,0.55,,11:29,,
,,0.344,-22.16,30573.44,761.7224,metal loss-manufacturing anomaly,10.0,,4.17,4.25,,11:38,,
,,0.344,-22.74,30574.03,761.7199,metal loss-manufacturing anomaly,26.0,,3.66,0.71,,11:51,,
,,0.344,-23.47,30574.76,761.7168,metal loss-manufacturing anomaly,10.0,,3.11,0.87,,11:36,,
,,0.344,-24.82,30576.1,761.7112,metal loss-manufacturing anomaly,15.0,,3.58,7.01,,11:33,,
,,0.344,-25.58,30576.86,761.7079,metal loss-manufacturing anomaly,10.0,,3.23,1.58,,11:42,,
,,0.344,-26.01,30577.29,761.7061,metal loss-manufacturing anomaly,14.0,,4.02,3.74,,11:30,,
,,0.344,-26.71,30577.99,761.7032,metal loss-manufacturing anomaly,10.0,,4.13,8.66,,11:20,,
,,0.344,-27.33,30578.61,761.7006,metal loss-manufacturing anomaly,28.0,,3.94,6.38,,11:28,,
,,0.344,-5.65,30676.87,761.3112,metal loss-manufacturing anomaly,17.0,,3.03,0.55,,6:24,,
,,0.344,-5.65,30676.88,761.3111,metal loss-manufacturing anomaly,13.0,,2.79,0.63,,6:34,,
,,0.344,-5.28,31013.67,759.3892,metal loss-manufacturing anomaly,15.0,,0.47,0.71,,4:16,,
,,0.344,-0.68,31509.12,760.0275,Cluster,31.0,,6.41,31.02,1.6,2:17,NO,
,,0.344,-0.79,31509.22,760.0281,Cluster,14.0,,3.59,14.6,,10:05,NO,
,,0.344,-0.7,31549.2,760.2205,Cluster,28.0,,5.63,6.43,1.65,2:54,NO,
,,0.344,-0.7,31549.2,760.2205,Cluster,12.0,,4.92,4.34,,5:24,NO,
,,0.344,-2.56,31551.06,760.2221,Cluster,11.0,,6.3,7.92,,11:30,NO,
,,0.344,-0.77,31574.91,759.8604,Cluster,52.0,,4.91,8.27,1.43,6:22,NO,
,,0.344,-0.8,31574.95,759.8592,Cluster,10.0,,3.01,5.43,,3:58,NO,
,,0.344,-0.81,31574.96,759.8589,metal loss,24.0,,4.13,2.28,1.74,5:29,NO,
,,0.344,-9.33,31583.48,759.5674,metal loss,19.0,,1.42,1.77,,6:28,NO,
,,0.344,-1.53,31586.57,759.4611,metal loss,16.0,,1.3,3.62,,5:46,NO,
,,0.344,-39.04,31980.44,754.9454,Cluster,13.0,,3.34,16.86,,4:26,NO,
,,0.344,-28.99,32514.08,725.6285,Cluster,16.0,,4.18,2.2,,11:34,NO,
,,0.344,-0.77,32594.86,739.352,Cluster,28.0,,1.45,3.58,1.84,6:40,NO,
,,0.344,-0.82,32594.9,739.3589,metal loss,10.0,,0.94,1.34,,4:25,NO,
,,0.344,-13.11,32925.21,749.6401,Cluster,31.0,,21.61,16.78,1.46,7:20,NO,
,,0.344,-13.89,32925.99,749.6223,Cluster,21.0,,4.21,2.89,1.75,6:17,NO,
,,0.344,-15.03,32927.13,749.5958,metal loss,19.0,,1.46,0.75,,6:53,NO,
,,0.344,-16.2,32928.3,749.5687,Cluster,14.0,,2.57,5.09,,7:17,NO,
,,0.344,-0.74,32952.77,749.0267,Cluster,10.0,,2.57,2.49,,7:12,NO,
,,0.344,-39.04,33031.11,747.9919,Cluster,10.0,,2.95,5.63,,7:25,NO,
,,0.344,-39.07,33031.14,747.9916,Cluster,15.0,,1.87,10.12,,4:42,NO,
,,0.344,-0.79,33032.88,747.9696,Cluster,10.0,,0.88,2.51,,3:34,NO,
,,0.344,-0.79,33112.92,747.1422,Cluster,12.0,,2.48,4.75,,4:02,NO,
,,0.344,-38.72,33190.85,746.5087,metal loss,11.0,,3.66,7.36,,7:24,NO,
,,0.344,-32.28,33304.46,744.7818,Cluster,28.0,,4.36,6.72,1.7,11:47,NO,
,,0.344,-32.8,33304.98,744.7765,Cluster,11.0,,3.67,5.55,,11:35,NO,
,,0.344,-23.38,33374.95,744.1882,Cluster,23.0,,3.55,1.91,1.76,6:10,NO,
,,0.344,-29.78,33381.36,744.1271,Cluster,31.0,,1.76,1.32,1.82,5:32,NO,
,,0.344,-30.26,33381.84,744.1223,Cluster,29.0,,4.33,4.63,1.69,5:24,NO,
,,0.344,-31.6,33383.18,744.1089,Cluster,13.0,,4.98,1.64,,5:52,NO,
,,0.344,-38.71,33390.29,744.034,Cluster,20.0,,6.35,4.38,1.71,5:33,NO,
,,0.344,-14.08,33405.66,743.7271,metal loss,15.0,,2.05,1.5,,4:30,NO,
,,0.344,-14.38,33405.96,743.7201,metal loss,10.0,,1.69,1.58,,4:20,NO,
,,0.344,-39.13,33430.71,743.1343,Cluster,21.0,,2.27,10.7,1.83,7:48,NO,
,,0.344,-8.19,33479.84,742.2173,metal loss,13.0,,0.75,0.63,,11:34,NO,
,,0.344,-8.58,33480.23,742.2106,Cluster,26.0,,3.61,3.29,1.74,12:28,NO,
,,0.344,-8.7,33480.35,742.2086,Cluster,13.0,,3.37,2.1,,11:17,NO,
,,0.344,-9.4,33481.04,742.1967,metal loss,15.0,,0.79,0.71,,10:56,NO,
,,0.344,-0.65,33512.3,742.0768,Cluster,33.0,,4.28,21.68,1.66,5:03,NO,
,,0.344,-0.74,33592.28,742.8578,Cluster,25.0,,4.87,17.39,1.7,4:46,NO,
,,0.344,-7.35,33638.82,742.6487,metal loss,10.0,,2.99,0.67,,2:35,NO,
,,0.344,-38.93,33670.4,742.2473,Cluster,10.0,,2.71,8.94,,6:53,NO,
,,0.344,-39.28,33750.65,740.3107,Cluster,34.0,,0.94,5.43,1.86,7:58,YES,
,,0.344,-1.96,33753.51,740.186,metal loss,13.0,,1.06,1.1,,12:25,NO,
,,0.344,-0.78,33817.11,737.7441,metal loss,36.0,,0.91,8.35,1.86,12:26,NO,
,,0.344,-36.73,33853.06,738.0195,metal loss,10.0,,1.1,1.18,,11:57,NO,
,,0.344,-37.04,33853.37,738.0185,metal loss,12.0,,0.71,0.71,,12:04,NO,
,,0.344,-39.1,33895.42,737.4701,metal loss,16.0,,0.71,1.53,,11:00,NO,
,,0.344,-12.79,33949.1,736.746,metal loss,13.0,,2.84,2.36,,4:01,NO,
,,0.344,-38.98,33975.28,736.1627,metal loss,18.0,,3.7,0.87,,9:10,NO,
,,0.344,-39.02,33975.32,736.1619,Cluster,10.0,,2.64,8.5,,7:27,NO,
,,0.344,-39.08,33975.39,736.1604,Cluster,16.0,,2.63,7.23,,9:43,NO,
,,0.344,-8.15,34024.54,735.0509,Cluster,18.0,,4.12,3.94,,6:25,YES,
,,0.344,-8.66,34025.04,735.0451,Cluster,25.0,,2.81,3.37,1.79,6:19,YES,
,,0.344,-39.18,34055.57,734.6328,metal loss,21.0,,1.38,4.41,1.86,10:28,NO,
,,0.344,-0.77,34057.22,734.6066,metal loss,11.0,,0.71,0.67,,10:43,NO,
,,0.344,-0.71,34137.11,733.6085,Cluster,22.0,,2.92,11.5,1.8,6:35,NO,
,,0.344,-0.72,34137.13,733.6084,Cluster,19.0,,2.6,14.89,,3:40,NO,
,,0.344,-0.75,34137.15,733.6083,metal loss,14.0,,2.72,3.5,,2:39,NO,
,,0.344,-21.29,34859.79,722.8022,metal loss-manufacturing anomaly,15.0,,0.59,0.87,,6:58,,
,,0.344,-22.81,34861.31,722.7324,metal loss-manufacturing anomaly,17.0,,0.71,0.71,,10:50,,
,,0.344,-0.8,34919.27,720.0421,Cluster,10.0,,0.61,3.27,,11:18,NO,
,,0.344,-0.85,35581.29,720.0574,metal loss,15.0,,0.83,1.06,,5:59,NO,
,,0.344,-18.23,35798.42,721.1338,metal loss-manufacturing anomaly,18.0,,0.47,0.71,,6:16,,
,,0.344,-0.51,35820.7,721.0735,Cluster,32.0,,4.37,2.54,1.66,4:02,NO,
,,0.344,-0.66,35820.85,721.0733,metal loss,18.0,,2.28,9.8,,4:54,NO,
,,0.344,-0.71,35820.89,721.0732,Cluster,22.0,,1.6,7.23,1.85,8:16,NO,
,,0.344,-0.74,35820.93,721.0731,metal loss,13.0,,0.71,1.69,,10:53,NO,
,,0.344,-0.85,36460.28,719.5979,metal loss-manufacturing anomaly,10.0,,1.02,0.71,,6:58,,
,,0.344,-34.12,38383.95,741.9433,metal loss-manufacturing anomaly,16.0,,3.78,2.52,,9:43,,
,,0.344,-28.08,39144.72,678.0669,metal loss,10.0,,0.98,1.18,,6:32,NO,
,,0.344,-21.94,39334.75,672.6224,Cluster,16.0,,4.36,8.99,,5:25,NO,
,,0.344,-0.03,39335.7,672.5915,Cluster,10.0,,2.33,12.3,,2:06,NO,
,,0.344,-0.68,39405.56,675.4804,Cluster,17.0,,3.44,9.03,,8:55,NO,
,,0.344,-35.02,39479.9,675.0699,metal loss,17.0,,0.79,0.91,,8:12,NO,
,,0.344,-0.5,39530.85,674.9919,metal loss,15.0,,1.18,1.81,,5:56,NO,
,,0.344,-0.67,39553.36,675.067,Cluster,39.0,,4.88,30.98,1.57,3:01,NO,
,,0.344,-0.07,39592.67,676.6229,Cluster,25.0,,4.07,6.33,1.73,8:40,NO,
,,0.344,-0.72,39593.33,676.7097,Cluster,18.0,,2.83,6.62,,7:38,NO,
,,0.344,-0.76,39593.37,676.7153,Cluster,27.0,,3.28,9.26,1.75,2:27,NO,
,,0.344,-1.4,39641.08,685.0586,Cluster,31.0,,5.05,14.2,1.64,2:02,NO,
,,0.344,-2.06,39641.74,685.1808,Cluster,33.0,,3.32,9.3,1.71,6:58,NO,
,,0.344,-2.17,39747.57,698.3476,metal loss,11.0,,1.42,1.34,,4:10,NO,
,,0.344,-18.92,40008.62,717.7519,metal loss-manufacturing anomaly,10.0,,1.46,0.71,,5:02,,
,,0.344,-19.8,40009.5,717.7555,metal loss-manufacturing anomaly,10.0,,0.59,0.71,,8:37,,
,,0.344,-39.01,40668.73,714.1151,Cluster,18.0,,1.97,1.47,,7:57,NO,
,,0.344,-20.89,41011.08,709.3366,metal loss-manufacturing anomaly,10.0,,3.03,1.3,,10:13,,
,,0.344,-20.98,41131.05,710.941,metal loss-manufacturing anomaly,14.0,,3.66,1.02,,10:09,,
,,0.344,-17.77,41163.99,711.6486,metal loss-manufacturing anomaly,12.0,,4.17,1.77,,2:09,,
,,0.344,-19.55,41165.77,711.6819,metal loss-manufacturing anomaly,16.0,,0.59,0.63,,8:12,,
,,0.344,-20.75,41166.98,711.7044,metal loss-manufacturing anomaly,11.0,,3.78,1.42,,2:06,,
,,0.344,-24.07,41170.29,711.7665,metal loss-manufacturing anomaly,30.0,,3.82,5.55,,1:54,,
,,0.344,-28.33,41174.55,711.8432,metal loss-manufacturing anomaly,11.0,,0.47,0.59,,11:58,,
,,0.344,-0.72,41466.16,710.3511,Cluster,29.0,,5.0,10.54,1.66,4:44,NO,
,,0.344,-0.73,41466.18,710.3507,Cluster,21.0,,5.56,2.58,1.72,6:45,NO,
,,0.344,-0.82,41466.26,710.3486,Cluster,14.0,,0.97,3.27,,3:19,NO,
,,0.344,-20.52,41485.96,709.7136,Cluster,15.0,,4.38,3.16,,9:33,NO,
,,0.344,-20.8,41486.24,709.7041,Cluster,17.0,,2.56,2.39,,10:16,NO,
,,0.344,-21.15,41486.59,709.6922,metal loss,15.0,,1.14,1.26,,10:09,NO,
,,0.344,-21.34,41486.78,709.6857,Cluster,12.0,,4.25,3.16,,10:13,NO,
,,0.344,-35.98,41501.43,709.1821,metal loss,10.0,,2.52,0.75,,9:33,NO,
,,0.344,-36.87,41502.32,709.151,metal loss,14.0,,4.25,0.94,,8:10,NO,
,,0.344,-37.98,41503.42,709.1124,metal loss,10.0,,1.18,0.83,,9:22,NO,
,,0.344,-38.56,41504.01,709.092,Cluster,10.0,,4.39,5.72,,9:28,NO,
,,0.344,-39.02,41544.42,707.4963,metal loss,23.0,,0.94,1.3,1.87,7:47,NO,
,,0.344,-39.06,41544.45,707.4949,metal loss,11.0,,0.79,0.79,,8:49,NO,
,,0.344,-0.74,41546.08,707.4225,metal loss,17.0,,2.76,0.59,,9:36,NO,
,,0.344,-31.12,41576.47,706.2497,Cluster,19.0,,2.21,1.8,,7:44,NO,
,,0.344,-36.01,41581.35,706.0938,Cluster,18.0,,5.2,4.15,,7:17,NO,
,,0.344,-7.88,41593.16,705.8334,metal loss,10.0,,3.03,0.59,,7:57,NO,
,,0.344,-8.33,41593.61,705.8259,Cluster,16.0,,3.71,3.96,,6:58,NO,
,,0.344,-20.19,41605.47,705.8339,Cluster,15.0,,3.43,1.22,,3:25,NO,
,,0.344,-21.05,41606.33,705.8384,metal loss,13.0,,1.53,1.38,,3:21,NO,
,,0.344,-21.88,41607.15,705.8426,Cluster,23.0,,5.15,3.54,1.71,2:04,NO,
,,0.344,-22.21,41607.49,705.8444,metal loss,11.0,,1.42,0.91,,3:27,NO,
,,0.344,-22.4,41607.68,705.8453,Cluster,25.0,,3.62,2.81,1.75,1:54,NO,
,,0.344,-23.08,41608.36,705.8488,Cluster,13.0,,1.69,1.2,,2:29,NO,
,,0.344,-24.84,41610.12,705.8634,Cluster,13.0,,3.25,6.37,,9:19,NO,
,,0.344,-25.38,41610.66,705.8678,Cluster,10.0,,2.63,4.13,,9:46,NO,
,,0.344,-25.96,41611.24,705.8726,Cluster,17.0,,3.25,3.71,,9:44,NO,
,,0.344,-29.18,41614.46,705.8991,metal loss,16.0,,1.1,0.59,,10:17,NO,
,,0.344,-11.37,41636.74,706.14,metal loss,25.0,,2.09,1.26,1.82,9:46,NO,
,,0.344,-12.44,41637.81,706.1532,metal loss,14.0,,2.09,1.89,,9:56,NO,
,,0.344,-20.6,41645.97,706.2698,Cluster,20.0,,5.22,4.96,1.73,9:21,NO,
,,0.344,-21.8,41647.17,706.2872,metal loss,16.0,,0.63,0.87,,10:15,NO,
,,0.344,-21.96,41647.33,706.2894,Cluster,16.0,,2.06,3.94,,9:43,NO,
,,0.344,-23.26,41648.63,706.3085,Cluster,12.0,,2.66,3.92,,9:45,NO,
,,0.344,-23.76,41649.13,706.3163,metal loss,15.0,,0.75,0.71,,10:23,NO,
,,0.344,-24.22,41649.59,706.3234,metal loss,24.0,,0.94,0.71,1.87,9:38,NO,
,,0.344,-25.04,41650.41,706.3363,Cluster,15.0,,3.7,3.56,,9:32,NO,
,,0.344,-26.06,41651.43,706.3523,Cluster,14.0,,2.66,2.64,,9:39,NO,
,,0.344,-26.51,41651.88,706.3593,Cluster,14.0,,2.84,4.19,,9:38,NO,
,,0.344,-27.03,41652.4,706.3675,Cluster,12.0,,2.08,2.26,,9:39,NO,
,,0.344,-27.43,41652.8,706.3738,metal loss,11.0,,1.02,1.26,,9:54,NO,
,,0.344,-27.89,41653.26,706.3809,Cluster,19.0,,3.68,2.75,,8:52,NO,
,,0.344,-28.52,41653.89,706.3908,Cluster,21.0,,2.99,2.54,1.8,9:48,NO,
,,0.344,-30.06,41655.43,706.415,Cluster,13.0,,2.38,2.16,,9:40,NO,
,,0.344,-33.26,41658.63,706.4653,Cluster,16.0,,3.28,1.43,,2:41,NO,
,,0.344,-33.65,41659.02,706.4719,Cluster,15.0,,7.88,2.75,,2:28,NO,
,,0.344,-10.96,41676.35,706.7396,Cluster,33.0,,5.5,11.56,1.61,8:16,NO,
,,0.344,-11.23,41676.62,706.7421,metal loss,16.0,,0.83,0.55,,2:49,NO,
,,0.344,-24.97,41703.53,706.7294,Cluster,33.0,,5.21,3.73,1.62,4:57,NO,
,,0.344,-25.57,41704.14,706.7175,Cluster,16.0,,2.22,2.47,,6:41,NO,
,,0.344,-25.68,41704.24,706.715,Cluster,14.0,,5.59,14.6,,6:18,NO,
,,0.344,-25.91,41704.47,706.7093,Cluster,23.0,,4.01,2.87,1.75,5:01,NO,
,,0.344,-0.53,41705.97,706.6729,Cluster,11.0,,4.12,17.76,,7:43,NO,
,,0.344,-0.82,41706.26,706.6661,Cluster,23.0,,2.44,9.05,1.81,3:44,NO,
,,0.344,-0.82,41706.26,706.6659,metal loss,10.0,,1.3,3.42,,2:44,NO,
,,0.344,-0.95,41746.38,706.1254,metal loss,11.0,,0.71,0.55,,9:55,NO,
,,0.344,-1.78,41747.21,706.148,metal loss,13.0,,0.91,1.3,,9:30,NO,
,,0.344,-38.9,41784.33,708.0211,Cluster,13.0,,3.85,6.24,,3:20,NO,
,,0.344,-0.84,41786.2,708.0931,metal loss,11.0,,0.79,0.71,,4:12,NO,
,,0.344,-2.1,41787.46,708.138,metal loss-manufacturing anomaly,11.0,,0.43,0.71,,8:12,,
,,0.344,-0.67,41865.72,708.4951,Cluster,11.0,,2.05,9.82,,8:30,NO,
,,0.344,-0.77,43597.89,701.6441,Cluster,14.0,,2.4,7.67,,4:45,NO,
,,0.344,-39.27,43675.86,700.3919,Cluster,10.0,,2.64,4.11,,6:00,NO,
,,0.344,-0.8,43677.48,700.3641,Cluster,16.0,,1.32,7.54,,4:36,NO,
,,0.344,-20.73,43925.26,701.9519,metal loss-manufacturing anomaly,15.0,,2.32,0.59,,7:51,,
,,0.344,-24.44,43928.97,701.9672,metal loss-manufacturing anomaly,14.0,,3.03,0.71,,9:08,,
,,0.344,-25.96,43930.49,701.9641,metal loss-manufacturing anomaly,13.0,,3.46,0.94,,9:33,,
,,0.344,-25.98,43930.51,701.964,metal loss-manufacturing anomaly,27.0,,3.42,0.55,,9:23,,
,,0.344,-5.46,43949.85,701.8126,metal loss,13.0,,1.58,1.42,,2:25,NO,
,,0.344,-5.91,43950.29,701.8019,metal loss,10.0,,1.65,2.48,,2:28,NO,
,,0.344,-9.79,43954.18,701.7088,Cluster,13.0,,1.81,2.93,,9:26,NO,
,,0.344,-11.93,43956.32,701.6575,Cluster,11.0,,2.28,1.91,,2:15,NO,
,,0.344,-12.36,43956.74,701.6473,Cluster,12.0,,5.46,5.22,,1:43,NO,
,,0.344,-13.09,43957.47,701.6297,metal loss,12.0,,2.4,1.93,,2:21,NO,
,,0.344,-15.5,43959.89,701.5719,metal loss,12.0,,3.35,0.83,,9:25,NO,
,,0.344,-18.37,43962.76,701.504,metal loss,10.0,,2.24,1.42,,2:21,NO,
,,0.344,-37.18,43981.57,700.8596,metal loss,11.0,,0.87,1.18,,5:14,YES,
,,0.344,-0.71,43985.28,700.6769,Cluster,16.0,,3.58,7.42,,10:38,NO,
,,0.344,-0.62,44056.31,697.6612,metal loss,13.0,,5.04,0.59,,7:15,YES,
,,0.344,-0.73,44056.42,697.6626,Cluster,30.0,,1.85,10.89,1.82,5:04,YES,
,,0.344,-5.25,44100.91,699.1291,Cluster,23.0,,10.97,12.82,1.62,5:42,YES,
,,0.344,-38.94,44134.6,699.8636,Cluster,26.0,,2.95,9.22,1.77,4:16,NO,
,,0.344,-38.93,44214.46,700.6012,Cluster,25.0,,4.15,10.91,1.73,3:44,NO,
,,0.344,-1.18,44640.11,697.2894,metal loss,13.0,,0.87,0.83,,6:38,NO,
,,0.344,-2.41,44641.35,697.2719,metal loss,12.0,,1.02,0.98,,4:49,NO,
,,0.344,-3.02,44641.95,697.2633,metal loss,20.0,,1.38,1.3,1.86,4:51,NO,
,,0.344,-3.55,44642.49,697.2557,metal loss,22.0,,1.1,0.83,1.87,4:46,NO,
,,0.344,-9.05,44647.98,697.1778,Cluster,16.0,,6.84,3.81,,4:42,NO,
,,0.344,-20.15,44698.12,696.1631,metal loss,13.0,,1.22,1.1,,4:16,NO,
,,0.344,-20.75,44698.71,696.1486,metal loss,11.0,,1.1,1.1,,4:35,NO,
,,0.344,-21.25,44699.21,696.1362,Cluster,20.0,,3.23,3.77,1.79,7:38,NO,
,,0.344,-22.98,44700.94,696.0937,metal loss,10.0,,1.3,1.26,,7:56,NO,
,,0.344,-23.27,44701.23,696.0865,metal loss,10.0,,0.91,0.91,,4:43,NO,
,,0.344,-25.85,44703.81,696.023,metal loss-manufacturing anomaly,11.0,,0.47,0.83,,3:55,,
,,0.344,-38.87,44757.04,694.8058,Cluster,14.0,,2.92,2.66,,6:17,NO,
,,0.344,-0.74,44918.76,696.3026,metal loss,17.0,,1.02,8.54,,8:55,NO,
,,0.344,-21.98,44940.0,696.5491,Cluster,15.0,,3.73,5.82,,8:17,NO,
,,0.344,-5.24,44963.32,696.8365,metal loss,17.0,,1.06,1.06,,9:07,NO,
,,0.344,-39.01,44997.09,697.265,Cluster,12.0,,4.68,9.8,,4:55,NO,
,,0.344,-14.9,45013.1,697.4398,metal loss,17.0,,0.98,0.63,,6:29,NO,
,,0.344,-0.76,45112.14,698.9924,metal loss,38.0,,1.1,1.22,1.85,12:30,NO,
,,0.344,-0.76,45112.14,698.9924,metal loss,39.0,,1.22,0.59,1.84,12:01,NO,
,,0.344,-4.88,45138.44,699.5063,metal loss,14.0,,0.98,1.1,,3:57,NO,
,,0.344,-5.64,45139.21,699.5193,Cluster,47.0,,5.47,5.59,1.46,3:34,NO,
,,0.344,-17.81,45151.38,699.7154,metal loss,14.0,,1.22,1.34,,4:21,NO,
,,0.344,-33.26,45166.83,699.9389,metal loss-manufacturing anomaly,21.0,,0.47,0.55,,5:55,,
,,0.344,-1.52,45175.13,700.0533,metal loss,22.0,,0.83,1.42,1.88,5:30,NO,
,,0.344,-1.74,45175.35,700.0563,metal loss,23.0,,0.94,2.17,1.87,4:54,NO,
,,0.344,-0.81,45676.4,666.559,Cluster,36.0,,3.82,6.49,1.66,6:20,NO,
,,0.344,-38.95,45950.05,689.282,Cluster,11.0,,2.63,16.36,,4:27,NO,
,,0.344,-39.05,45950.15,689.2903,Cluster,14.0,,1.25,2.24,,7:27,NO,
,,0.344,-0.49,45951.57,689.4027,Cluster,10.0,,2.4,5.82,,7:14,NO,
,,0.344,-0.78,45951.85,689.4256,Cluster,14.0,,2.63,19.0,,5:14,NO,
,,0.344,-38.9,46109.65,696.3652,Cluster,26.0,,4.52,5.7,1.71,4:49,NO,
,,0.344,-38.91,46109.65,696.3651,Cluster,24.0,,3.65,5.03,1.75,7:07,NO,
,,0.344,-39.1,46190.01,693.4018,Cluster,15.0,,2.56,9.59,,5:32,NO,
,,0.344,-39.16,46190.08,693.3991,Cluster,14.0,,2.17,4.65,,4:11,NO,
,,0.344,-0.77,46191.89,693.3283,Cluster,12.0,,0.91,7.39,,6:26,NO,
,,0.344,-0.79,46191.91,693.3277,metal loss,11.0,,0.75,1.22,,8:05,NO,
,,0.344,-0.8,46191.92,693.3271,metal loss,15.0,,0.87,1.93,,3:44,NO,
,,0.344,-5.74,46196.86,693.1403,Cluster,10.0,,3.97,2.39,,8:11,NO,
,,0.344,-8.19,46199.31,693.0482,Cluster,11.0,,1.06,3.39,,8:25,NO,
,,0.344,-0.79,46272.09,691.1071,metal loss,21.0,,1.02,0.91,1.87,9:23,NO,
,,0.344,-22.62,46333.84,690.0619,metal loss-manufacturing anomaly,24.0,,4.57,0.71,,9:03,,
,,0.344,-31.85,46343.06,689.8947,metal loss-manufacturing anomaly,10.0,,3.98,1.73,,8:57,,
,,0.344,-26.55,46377.81,689.2407,metal loss-manufacturing anomaly,12.0,,0.94,1.06,,7:36,,
,,0.344,-39.09,46430.41,688.4641,metal loss,38.0,,1.65,1.14,1.81,7:31,NO,
,,0.344,-39.12,46430.44,688.4638,metal loss,28.0,,1.06,2.13,1.86,8:03,NO,
,,0.344,-0.81,46432.14,688.4468,metal loss,10.0,,0.91,0.87,,5:08,NO,
,,0.344,-6.01,46437.34,688.405,metal loss-manufacturing anomaly,14.0,,0.59,0.71,,7:18,,
,,0.344,-7.96,46664.82,688.7538,metal loss,20.0,,0.94,0.67,1.87,4:49,NO,
,,0.344,-25.88,46733.12,685.3023,metal loss,15.0,,0.87,0.94,,8:25,NO,
,,0.344,-0.61,46764.12,683.1255,Cluster,12.0,,3.56,3.48,,4:13,NO,
,,0.344,-0.75,46764.26,683.1164,Cluster,28.0,,5.63,13.45,1.65,5:15,NO,
,,0.344,-26.23,46869.83,688.1264,metal loss-manufacturing anomaly,12.0,,3.42,4.53,,11:25,,
,,0.344,-0.75,47266.22,680.9187,Cluster,11.0,,3.04,7.08,,3:19,NO,
,,0.344,-0.77,47266.24,680.9203,metal loss,12.0,,0.94,1.97,,1:47,NO,
,,0.344,-11.8,47298.31,683.6045,Cluster,11.0,,4.48,1.49,,12:16,NO,
,,0.344,-12.71,47299.22,683.6899,metal loss,14.0,,0.71,0.87,,12:15,NO,
,,0.344,-38.92,47325.43,686.1354,Cluster,21.0,,5.09,23.79,1.73,3:43,NO,
,,0.344,-38.99,47325.5,686.1422,Cluster,10.0,,3.55,7.37,,8:37,NO,
,,0.344,-0.79,47327.36,686.32,Cluster,20.0,,1.61,9.17,1.85,1:15,NO,
,,0.344,-6.96,47373.61,690.6943,metal loss-manufacturing anomaly,11.0,,0.43,0.71,,4:39,,
,,0.344,-7.11,47373.76,690.7073,metal loss-manufacturing anomaly,14.0,,0.63,0.71,,4:34,,
,,0.344,-38.8,47548.14,694.5206,Cluster,33.0,,4.97,18.45,1.63,4:45,NO,
,,0.344,-39.08,47548.42,694.5181,metal loss,15.0,,0.91,1.42,,4:05,NO,
,,0.344,-0.84,47705.64,692.7179,metal loss,10.0,,1.18,0.94,,5:35,NO,
,,0.344,-25.8,48680.41,669.5126,metal loss-manufacturing anomaly,22.0,,4.02,0.59,,3:46,,
,,0.344,-0.51,48804.83,683.8631,Cluster,36.0,,6.95,8.27,1.53,5:14,NO,
,,0.344,-0.57,49768.63,699.2772,Cluster,26.0,,5.08,10.77,1.69,3:55,NO,
,,0.344,-14.11,50192.33,687.4183,Cluster,20.0,,4.67,1.53,1.75,8:37,NO,
,,0.344,-15.8,50194.02,687.3295,metal loss,12.0,,0.98,1.06,,8:48,NO,
,,0.344,-18.35,50196.57,687.1957,metal loss,10.0,,0.87,0.91,,9:07,NO,
,,0.344,-20.95,50199.17,687.0591,Cluster,33.0,,10.43,5.57,1.5,4:15,YES,
,,0.344,-21.94,50200.15,687.0075,Cluster,17.0,,4.44,0.98,,4:37,YES,
,,0.344,-22.43,50200.65,686.982,metal loss,19.0,,3.15,1.73,,4:29,YES,
,,0.344,-22.82,50201.03,686.9637,metal loss,16.0,,0.63,0.71,,4:38,YES,
,,0.344,-10.34,50681.04,682.5446,metal loss-manufacturing anomaly,15.0,,1.97,0.59,,10:07,,
,,0.344,-28.03,50738.69,681.9054,metal loss,16.0,,0.59,0.71,,6:38,YES,
,,0.344,-11.02,51120.59,670.9346,metal loss-manufacturing anomaly,14.0,,0.47,0.71,,10:34,,
,,0.344,-39.51,51188.03,668.1886,Cluster,10.0,,2.48,5.22,,7:28,NO,
,,0.344,-2.84,51890.81,673.3727,metal loss-manufacturing anomaly,18.0,,0.59,0.71,,7:06,,
,,0.344,-0.73,53107.12,688.9615,Cluster,15.0,,4.16,7.29,,8:11,NO,
,,0.344,-0.6,53187.09,690.9981,Cluster,12.0,,3.23,8.71,,5:19,NO,
,,0.344,-1.48,53187.97,691.0328,metal loss,21.0,,4.05,1.53,1.76,6:30,NO,
,,0.344,-1.52,53188.01,691.0344,Cluster,24.0,,3.7,3.0,1.75,5:33,NO,
,,0.344,-1.62,53188.12,691.0387,metal loss,12.0,,1.73,1.85,,4:54,NO,
,,0.344,-1.97,53188.47,691.0524,metal loss,10.0,,1.1,0.91,,5:14,NO,
,,0.344,-29.77,53920.16,675.2186,metal loss-manufacturing anomaly,10.0,,0.51,0.71,,4:36,,
,,0.344,-0.71,55090.68,695.9362,Cluster,12.0,,3.08,9.28,,4:30,NO,
,,0.344,-36.9,55606.64,696.325,metal loss-manufacturing anomaly,23.0,,0.51,0.63,,3:06,,
,,0.344,-8.43,56025.84,686.0071,metal loss-manufacturing anomaly,13.0,,0.59,0.59,,12:54,,
,,0.344,-18.47,56387.34,682.1086,Cluster,14.0,,2.64,3.69,,8:50,NO,
,,0.344,-18.52,56387.38,682.1088,Cluster,10.0,,1.03,3.62,,6:59,NO,
,,0.344,-18.54,56387.4,682.1088,metal loss,10.0,,0.87,1.18,,8:10,NO,
,,0.344,-18.58,56387.44,682.1089,metal loss,10.0,,0.71,1.65,,6:02,NO,
